split,n_rows,n_machines,mean_failure_time,mean_path_length,vibration_min,vibration_max,temperature_min,temperature_max,pressure_min,pressure_max
train,4726,90,51.51111111111111,52.51111111111111,0.2684390920601579,1.6225378181340027,57.0485898749346,75.60736144229568,96.5648935677482,106.98875431314355
validation,1723,35,48.22857142857143,49.22857142857143,0.2871157020445175,1.620916722240339,58.50779886606968,75.68718170200579,96.91068040977588,106.95892419706546
test,1941,35,54.457142857142856,55.457142857142856,0.3233142209617683,1.5428314696490713,58.090806150493314,75.3467259250731,96.92839371648128,107.428615964843
