split,n_rows,n_machines,mean_failure_time,mean_path_length,positive_rate_h30
train,14520,70,207.42857142857142,207.42857142857142,0.1494490358126722
validation,3001,15,200.06666666666666,200.06666666666666,0.15494835054981673
test,3110,15,207.33333333333334,207.33333333333334,0.1495176848874598
