feature,importance
vibration_mean_15,0.09320244745752218
vibration_mean_8,0.07283375442119322
vibration_ewm_04,0.06273687274345374
pressure_ewm_04,0.05181526997717622
holt_level,0.05169798424990126
pressure_mean_15,0.04802561727442016
pressure_mean_8,0.04683047087416354
health_proxy,0.04121770607807362
pressure_mean_3,0.039207413231916774
vibration,0.03290544264473278
