policy,avg_reward,avg_cost,std_cost,avg_replacements,avg_failures
risk_threshold_0.30,-414.0,414.0,15.212776585113298,23.0,0.0
age_threshold_196,-1108.2142857142858,1108.2142857142858,152.22923436685338,20.928571428571427,9.5
q_learning,-1210.9285714285713,1210.9285714285713,103.4376722515367,22.357142857142858,10.5
reactive,-1784.642857142857,1784.642857142857,81.71082035609058,18.785714285714285,18.785714285714285
dqn,-1784.642857142857,1784.642857142857,73.39872239337407,18.785714285714285,18.785714285714285
