policy,avg_reward,avg_cost,avg_replacements,avg_failures
risk_threshold_0.25,-77.64285714285714,77.64285714285714,2.7857142857142856,0.35714285714285715
q_learning,-100.42857142857143,100.42857142857143,4.357142857142857,0.2857142857142857
age_threshold_75,-200.64285714285714,200.64285714285714,2.2857142857142856,2.0714285714285716
reactive,-203.57142857142858,203.57142857142858,2.142857142857143,2.142857142857143
dqn,-223.92857142857142,223.92857142857142,2.357142857142857,2.357142857142857
