model,auc,pr_auc,brier,log_loss
nonlinear_ts_forest,0.9961550501046812,0.979655537180806,0.019252812465783403,0.06349843114077779
advanced_glm,0.9935727788279773,0.9680343958274245,0.022712145148950216,0.07389143321994043
baseline_glm,0.9807866333313007,0.9178152960812865,0.037120740917627675,0.12342892574377146
