model,auc,brier,log_loss
nonlinear_ts_forest,0.8820925828305902,0.09223944654339865,0.29715852175491414
advanced_glm,0.8790155996798064,0.09352884902868477,0.2997107450269796
baseline_glm,0.8731954938597005,0.09489627815490234,0.30448751822801956
