model,auc,pr_auc,brier,log_loss,auc_ci_low,auc_ci_high,pr_auc_ci_low,pr_auc_ci_high,brier_ci_low,brier_ci_high,log_loss_ci_low,log_loss_ci_high
nonlinear_ts_forest,0.9961550501046812,0.979655537180806,0.019252812465783403,0.06349843114077779,0.9944725751225827,0.9975024142258337,0.9701987542884343,0.987136384989865,0.016151735770429325,0.022860154568813382,0.05578193480162618,0.07249838234102625
advanced_glm,0.9935727788279773,0.9680343958274245,0.022712145148950216,0.07389143321994043,0.9914890340523116,0.9962642883457987,0.9589668737357053,0.9806087021498577,0.017555987459483068,0.02732286839930069,0.06090365213172406,0.08634440720572224
baseline_glm,0.9807866333313007,0.9178152960812865,0.037120740917627675,0.12342892574377146,0.9711442082696872,0.9893523666525369,0.8910302514237742,0.9482682833233119,0.029915432709515785,0.046230123634870286,0.09749507112457126,0.15533523700124469
