series,adf_stat,p_value,crit_5pct
vibration_first_difference,-19.07893913995042,0.0,-2.8621672988766145
temperature_first_difference,-18.26452422303134,2.3270471580332008e-30,-2.862167026701849
pressure_first_difference,-22.786701929996216,0.0,-2.862165804832493
